{"count":1,"self":20.124112,"total":55.854395999999994,"children":{"InitializeActuators":{"count":3,"self":0.000793,"total":0.000793,"children":null},"InitializeSensors":{"count":3,"self":0.000544,"total":0.000544,"children":null},"AgentSendState":{"count":86417,"self":0.209863,"total":0.725776,"children":{"CollectObservations":{"count":51852,"self":0.047266999999999997,"total":0.047266999999999997,"children":null},"WriteActionMask":{"count":51852,"self":0.032275,"total":0.032275,"children":null},"RequestDecision":{"count":51852,"self":0.117197,"total":0.43637099999999995,"children":{"AgentInfo.ToProto":{"count":51852,"self":0.120318,"total":0.319174,"children":{"GenerateSensorData":{"count":51852,"self":0.19885599999999998,"total":0.19885599999999998,"children":null}}}}}}},"DecideAction":{"count":86417,"self":34.799180799999995,"total":34.799182,"children":null},"AgentAct":{"count":86417,"self":0.199892,"total":0.200873,"children":{"AgentInfo.ToProto":{"count":136,"self":0.00036399999999999996,"total":0.00098099999999999988,"children":{"GenerateSensorData":{"count":136,"self":0.00061699999999999993,"total":0.00061699999999999993,"children":null}}}}},"AgentInfo.ToProto":{"count":294,"self":0.0011409999999999999,"total":0.0026249999999999997,"children":{"GenerateSensorData":{"count":294,"self":0.0014839999999999999,"total":0.0014839999999999999,"children":null}}}},"gauges":{"HitBall.CumulativeReward":{"count":430,"max":15.4400291,"min":-1.93000007,"runningAverage":4.706447,"value":-0.99,"weightedAverage":2.13851166}},"metadata":{"timer_format_version":"0.1.0","start_time_seconds":"1776649154","unity_version":"6000.4.1f1","command_line_arguments":"\/Applications\/Unity\/Hub\/Editor\/6000.4.1f1\/Unity.app\/Contents\/MacOS\/Unity -projectpath \/Users\/welchj\/Desktop\/DinkDonk -acceptSoftwareTermsForThisRunOnly -useHub -hubIPC -cloudEnvironment production","communication_protocol_version":"1.5.0","com.unity.ml-agents_version":"4.0.2","scene_name":"pickleballScene","end_time_seconds":"1776649210"}}