{"count":1,"self":4896.7733247999995,"total":7392.205113,"children":{"InitializeActuators":{"count":16,"self":0.00063499999999999993,"total":0.00063499999999999993,"children":null},"InitializeSensors":{"count":16,"self":0.000101,"total":0.000101,"children":null},"AgentSendState":{"count":4051629,"self":13.0554208,"total":47.405708,"children":{"CollectObservations":{"count":3241308,"self":3.6795071999999998,"total":3.6795069999999996,"children":null},"WriteActionMask":{"count":3241308,"self":2.202471,"total":2.202471,"children":null},"RequestDecision":{"count":3241308,"self":7.5948031999999994,"total":28.468308999999998,"children":{"AgentInfo.ToProto":{"count":3236164,"self":7.7623391999999996,"total":20.873506,"children":{"GenerateSensorData":{"count":3236164,"self":13.111167199999999,"total":13.111167,"children":null}}}}}}},"DecideAction":{"count":4051629,"self":2415.4271744,"total":2415.42708,"children":null},"AgentAct":{"count":4051629,"self":31.632924799999998,"total":32.510816,"children":{"AgentInfo.ToProto":{"count":89425,"self":0.321661,"total":0.877891,"children":{"GenerateSensorData":{"count":89425,"self":0.55623,"total":0.55623,"children":null}}}}},"AgentInfo.ToProto":{"count":8620,"self":0.036856,"total":0.087621999999999992,"children":{"GenerateSensorData":{"count":8620,"self":0.050766,"total":0.050766,"children":null}}}},"gauges":{"HitBall.CumulativeReward":{"count":98158,"max":78.90001,"min":-12.2500019,"runningAverage":18.5676689,"value":31.8499489,"weightedAverage":32.11324}},"metadata":{"timer_format_version":"0.1.0","start_time_seconds":"1777398018","unity_version":"6000.4.1f1","command_line_arguments":"\/Applications\/Unity\/Hub\/Editor\/6000.4.1f1\/Unity.app\/Contents\/MacOS\/Unity -projectpath \/Users\/welchj\/Desktop\/DinkDonk -acceptSoftwareTermsForThisRunOnly -useHub -hubIPC -cloudEnvironment production","communication_protocol_version":"1.5.0","com.unity.ml-agents_version":"4.0.2","scene_name":"pickleballScene","end_time_seconds":"1777405410"}}