{"count":1,"self":1226.4794112,"total":3851.4618689999998,"children":{"InitializeActuators":{"count":27,"self":0.000765,"total":0.000765,"children":null},"InitializeSensors":{"count":27,"self":0.00072399999999999993,"total":0.00072399999999999993,"children":null},"AgentSendState":{"count":1065085,"self":16.0448144,"total":64.69314,"children":{"CollectObservations":{"count":5308386,"self":5.8270648,"total":5.827065,"children":null},"WriteActionMask":{"count":5308386,"self":3.5417167999999997,"total":3.541717,"children":null},"RequestDecision":{"count":5308386,"self":12.3186888,"total":39.279543,"children":{"AgentInfo.ToProto":{"count":5307675,"self":11.0112208,"total":26.960853999999998,"children":{"GenerateSensorData":{"count":5307675,"self":15.949633599999999,"total":15.949632999999999,"children":null}}}}}}},"DecideAction":{"count":1065085,"self":2408.4217856,"total":2408.421696,"children":null},"AgentAct":{"count":1065085,"self":149.9020032,"total":150.082487,"children":{"AgentInfo.ToProto":{"count":14321,"self":0.083526,"total":0.18048499999999998,"children":{"GenerateSensorData":{"count":14321,"self":0.09695899999999999,"total":0.09695899999999999,"children":null}}}}},"AgentInfo.ToProto":{"count":142793,"self":0.730957,"total":1.7836239999999999,"children":{"GenerateSensorData":{"count":142793,"self":1.052667,"total":1.052667,"children":null}}}},"gauges":{"HitBall.CumulativeReward":{"count":157134,"max":105.25,"min":-97.4,"runningAverage":16.4051685,"value":14.9500055,"weightedAverage":18.3814774}},"metadata":{"timer_format_version":"0.1.0","start_time_seconds":"1777651734","unity_version":"6000.4.1f1","command_line_arguments":"\/Applications\/Unity\/Hub\/Editor\/6000.4.1f1\/Unity.app\/Contents\/MacOS\/Unity -projectpath \/Users\/welchj\/Desktop\/DinkDonk -acceptSoftwareTermsForThisRunOnly -useHub -hubIPC -cloudEnvironment production","communication_protocol_version":"1.5.0","com.unity.ml-agents_version":"4.0.2","scene_name":"pickleballScene","end_time_seconds":"1777655586"}}