{
    "name": "root",
    "gauges": {
        "HitBall.Policy.Entropy.mean": {
            "value": 1.4630011320114136,
            "min": 1.4630011320114136,
            "max": 1.4630011320114136,
            "count": 1
        },
        "HitBall.Policy.Entropy.sum": {
            "value": 324680.90625,
            "min": 324680.90625,
            "max": 324680.90625,
            "count": 1
        },
        "HitBall.Environment.EpisodeLength.mean": {
            "value": 22.265057712486882,
            "min": 22.265057712486882,
            "max": 22.265057712486882,
            "count": 1
        },
        "HitBall.Environment.EpisodeLength.sum": {
            "value": 212186.0,
            "min": 212186.0,
            "max": 212186.0,
            "count": 1
        },
        "HitBall.Step.mean": {
            "value": 13249978.0,
            "min": 13249978.0,
            "max": 13249978.0,
            "count": 1
        },
        "HitBall.Step.sum": {
            "value": 13249978.0,
            "min": 13249978.0,
            "max": 13249978.0,
            "count": 1
        },
        "HitBall.Policy.ExtrinsicValueEstimate.mean": {
            "value": 18.898717880249023,
            "min": 18.898717880249023,
            "max": 18.898717880249023,
            "count": 1
        },
        "HitBall.Policy.ExtrinsicValueEstimate.sum": {
            "value": 185434.21875,
            "min": 185434.21875,
            "max": 185434.21875,
            "count": 1
        },
        "HitBall.Environment.CumulativeReward.mean": {
            "value": 26.54567694741556,
            "min": 26.54567694741556,
            "max": 26.54567694741556,
            "count": 1
        },
        "HitBall.Environment.CumulativeReward.sum": {
            "value": 252980.30130887032,
            "min": 252980.30130887032,
            "max": 252980.30130887032,
            "count": 1
        },
        "HitBall.Policy.ExtrinsicReward.mean": {
            "value": 26.54567694741556,
            "min": 26.54567694741556,
            "max": 26.54567694741556,
            "count": 1
        },
        "HitBall.Policy.ExtrinsicReward.sum": {
            "value": 252980.30130887032,
            "min": 252980.30130887032,
            "max": 252980.30130887032,
            "count": 1
        },
        "HitBall.Losses.PolicyLoss.mean": {
            "value": 0.018465196085930075,
            "min": 0.018465196085930075,
            "max": 0.018465196085930075,
            "count": 1
        },
        "HitBall.Losses.PolicyLoss.sum": {
            "value": 0.18465196085930075,
            "min": 0.18465196085930075,
            "max": 0.18465196085930075,
            "count": 1
        },
        "HitBall.Losses.ValueLoss.mean": {
            "value": 85.36213862609864,
            "min": 85.36213862609864,
            "max": 85.36213862609864,
            "count": 1
        },
        "HitBall.Losses.ValueLoss.sum": {
            "value": 853.6213862609864,
            "min": 853.6213862609864,
            "max": 853.6213862609864,
            "count": 1
        },
        "HitBall.Policy.LearningRate.mean": {
            "value": 0.0004026836279134614,
            "min": 0.0004026836279134614,
            "max": 0.0004026836279134614,
            "count": 1
        },
        "HitBall.Policy.LearningRate.sum": {
            "value": 0.004026836279134614,
            "min": 0.004026836279134614,
            "max": 0.004026836279134614,
            "count": 1
        },
        "HitBall.Policy.Epsilon.mean": {
            "value": 0.14026835681818187,
            "min": 0.14026835681818187,
            "max": 0.14026835681818187,
            "count": 1
        },
        "HitBall.Policy.Epsilon.sum": {
            "value": 1.4026835681818186,
            "min": 1.4026835681818186,
            "max": 1.4026835681818186,
            "count": 1
        },
        "HitBall.Policy.Beta.mean": {
            "value": 0.004032808846136364,
            "min": 0.004032808846136364,
            "max": 0.004032808846136364,
            "count": 1
        },
        "HitBall.Policy.Beta.sum": {
            "value": 0.04032808846136364,
            "min": 0.04032808846136364,
            "max": 0.04032808846136364,
            "count": 1
        },
        "HitBall.IsTraining.mean": {
            "value": 1.0,
            "min": 1.0,
            "max": 1.0,
            "count": 1
        },
        "HitBall.IsTraining.sum": {
            "value": 1.0,
            "min": 1.0,
            "max": 1.0,
            "count": 1
        }
    },
    "metadata": {
        "timer_format_version": "0.1.0",
        "start_time_seconds": "1777426041",
        "python_version": "3.10.12 (main, Jul  5 2023, 15:02:25) [Clang 14.0.6 ]",
        "command_line_arguments": "/opt/miniconda3/envs/mlagents/bin/mlagents-learn results/config/config_5hr.yaml --force --run-id=ppo --resume",
        "mlagents_version": "1.1.0",
        "mlagents_envs_version": "1.1.0",
        "communication_protocol_version": "1.5.0",
        "pytorch_version": "2.1.1",
        "numpy_version": "1.23.5",
        "end_time_seconds": "1777426567"
    },
    "total": 347.89883908396587,
    "count": 1,
    "self": 0.00402858410961926,
    "children": {
        "run_training.setup": {
            "total": 0.021758999908342957,
            "count": 1,
            "self": 0.021758999908342957
        },
        "TrainerController.start_learning": {
            "total": 347.8730514999479,
            "count": 1,
            "self": 0.37671787082217634,
            "children": {
                "TrainerController._reset_env": {
                    "total": 10.299152459017932,
                    "count": 1,
                    "self": 10.299152459017932
                },
                "TrainerController.advance": {
                    "total": 337.06967608700506,
                    "count": 37237,
                    "self": 0.3565708245150745,
                    "children": {
                        "env_step": {
                            "total": 261.6199929884169,
                            "count": 37237,
                            "self": 250.66428119177,
                            "children": {
                                "SubprocessEnvManager._take_step": {
                                    "total": 10.698162448126823,
                                    "count": 37237,
                                    "self": 0.8659310911316425,
                                    "children": {
                                        "TorchPolicy.evaluate": {
                                            "total": 9.83223135699518,
                                            "count": 26793,
                                            "self": 9.83223135699518
                                        }
                                    }
                                },
                                "workers": {
                                    "total": 0.257549348520115,
                                    "count": 37236,
                                    "self": 0.0,
                                    "children": {
                                        "worker_root": {
                                            "total": 337.3018437658902,
                                            "count": 37236,
                                            "is_parallel": true,
                                            "self": 107.26406460511498,
                                            "children": {
                                                "steps_from_proto": {
                                                    "total": 0.0013233749195933342,
                                                    "count": 1,
                                                    "is_parallel": true,
                                                    "self": 0.00023770681582391262,