{
    "name": "root",
    "gauges": {
        "HitBall.Policy.Entropy.mean": {
            "value": -0.8771921992301941,
            "min": -0.8771921992301941,
            "max": -0.8534212112426758,
            "count": 11
        },
        "HitBall.Policy.Entropy.sum": {
            "value": -219236.640625,
            "min": -219236.640625,
            "max": -171665.671875,
            "count": 11
        },
        "HitBall.Environment.EpisodeLength.mean": {
            "value": 27.97671455050973,
            "min": 21.387928718545716,
            "max": 27.97671455050973,
            "count": 11
        },
        "HitBall.Environment.EpisodeLength.sum": {
            "value": 241495.0,
            "min": 192110.0,
            "max": 241495.0,
            "count": 11
        },
        "HitBall.Step.mean": {
            "value": 17499980.0,
            "min": 14999993.0,
            "max": 17499980.0,
            "count": 11
        },
        "HitBall.Step.sum": {
            "value": 17499980.0,
            "min": 14999993.0,
            "max": 17499980.0,
            "count": 11
        },
        "HitBall.Policy.ExtrinsicValueEstimate.mean": {
            "value": 17.269508361816406,
            "min": 14.324349403381348,
            "max": 29.6678409576416,
            "count": 11
        },
        "HitBall.Policy.ExtrinsicValueEstimate.sum": {
            "value": 183350.375,
            "min": 166678.125,
            "max": 277720.65625,
            "count": 11
        },
        "HitBall.Environment.CumulativeReward.mean": {
            "value": 28.35107157191657,
            "min": 22.209305507300385,
            "max": 28.35107157191657,
            "count": 11
        },
        "HitBall.Environment.CumulativeReward.sum": {
            "value": 244726.44980878383,
            "min": 197973.74929207563,
            "max": 264773.199739635,
            "count": 11
        },
        "HitBall.Policy.ExtrinsicReward.mean": {
            "value": 28.35107157191657,
            "min": 22.209305507300385,
            "max": 28.35107157191657,
            "count": 11
        },
        "HitBall.Policy.ExtrinsicReward.sum": {
            "value": 244726.44980878383,
            "min": 197973.74929207563,
            "max": 264773.199739635,
            "count": 11
        },
        "HitBall.Losses.PolicyLoss.mean": {
            "value": 0.01680438175137776,
            "min": 0.015684720887673812,
            "max": 0.01846160612850023,
            "count": 11
        },
        "HitBall.Losses.PolicyLoss.sum": {
            "value": 0.2016525810165331,
            "min": 0.16615445515650207,
            "max": 0.22515307182628927,
            "count": 11
        },
        "HitBall.Losses.ValueLoss.mean": {
            "value": 15.523771084149677,
            "min": 15.283256332079569,
            "max": 269.0839243910048,
            "count": 11
        },
        "HitBall.Losses.ValueLoss.sum": {
            "value": 186.28525300979612,
            "min": 183.39907598495483,
            "max": 2421.7553195190435,
            "count": 11
        },
        "HitBall.Policy.LearningRate.mean": {
            "value": 0.00021040551456551703,
            "min": 0.00021040551456551703,
            "max": 0.00032266065359252727,
            "count": 11
        },
        "HitBall.Policy.LearningRate.sum": {
            "value": 0.0025248661747862043,
            "min": 0.0025248661747862043,
            "max": 0.004061375484771632,
            "count": 11
        },
        "HitBall.Policy.Epsilon.mean": {
            "value": 0.12104054356060605,
            "min": 0.12104054356060605,
            "max": 0.13226605858585863,
            "count": 11
        },
        "HitBall.Policy.Epsilon.sum": {
            "value": 1.4524865227272725,
            "min": 1.1903945272727277,
            "max": 1.7061374590909095,
            "count": 11
        },
        "HitBall.Policy.Beta.mean": {
            "value": 0.0021119503017045455,
            "min": 0.0021119503017045455,
            "max": 0.0032333792527272733,
            "count": 11
        },
        "HitBall.Policy.Beta.sum": {
            "value": 0.025343403620454546,
            "min": 0.025343403620454546,
            "max": 0.04070313216318182,
            "count": 11
        },
        "HitBall.IsTraining.mean": {
            "value": 1.0,
            "min": 1.0,
            "max": 1.0,
            "count": 11
        },
        "HitBall.IsTraining.sum": {
            "value": 1.0,
            "min": 1.0,
            "max": 1.0,
            "count": 11
        }
    },
    "metadata": {
        "timer_format_version": "0.1.0",
        "start_time_seconds": "1777576875",
        "python_version": "3.10.12 (main, Jul  5 2023, 15:02:25) [Clang 14.0.6 ]",
        "command_line_arguments": "/opt/miniconda3/envs/mlagents/bin/mlagents-learn results/config/config_5hr.yaml --force --run-id=ppo --resume",
        "mlagents_version": "1.1.0",
        "mlagents_envs_version": "1.1.0",
        "communication_protocol_version": "1.5.0",
        "pytorch_version": "2.1.1",
        "numpy_version": "1.23.5",
        "end_time_seconds": "1777578928"
    },
    "total": 1869.3352247078437,
    "count": 1,
    "self": 0.004236415959894657,
    "children": {
        "run_training.setup": {
            "total": 0.04016212490387261,
            "count": 1,
            "self": 0.04016212490387261
        },
        "TrainerController.start_learning": {
            "total": 1869.29082616698,
            "count": 1,
            "self": 1.6538849011994898,
            "children": {
                "TrainerController._reset_env": {
                    "total": 11.800394624937326,
                    "count": 1,
                    "self": 11.800394624937326
                },
                "TrainerController.advance": {
                    "total": 1855.7399315575603,
                    "count": 236328,
                    "self": 1.4757698646280915,
                    "children": {
                        "env_step": {
                            "total": 1393.7362455164548,
                            "count": 236328,
                            "self": 1347.0492656743154,
                            "children": {
                                "SubprocessEnvManager._take_step": {
                                    "total": 45.49961377331056,
                                    "count": 236328,
                                    "self": 3.2536170831881464,
                                    "children": {
                                        "TorchPolicy.evaluate": {
                                            "total": 42.24599669012241,
                                            "count": 151712,
                                            "self": 42.24599669012241
                                        }
                                    }
                                },
                                "workers": {
                                    "total": 1.187366068828851,
                                    "count": 236327,
                                    "self": 0.0,
                                    "children": {
                                        "worker_root": {
                                            "total": 1855.4539565304294,
                                            "count": 236327,
                                            "is_parallel": true,
                                            "self": 606.1185450972989,
                                            "children": {
                                                "steps_from_proto": {
                                                    "total": 0.0013274999801069498,
                                                    "count": 1,
                                                    "is_parallel": true,
                                                    "self": 0.00021112500689923763,