{
    "name": "root",
    "gauges": {
        "HitBall.Policy.Entropy.mean": {
            "value": 1.142588496208191,
            "min": 1.126949429512024,
            "max": 1.3741899728775024,
            "count": 25
        },
        "HitBall.Policy.Entropy.sum": {
            "value": 285669.96875,
            "min": 199482.921875,
            "max": 340907.0625,
            "count": 25
        },
        "HitBall.Environment.EpisodeLength.mean": {
            "value": 10.493862351156269,
            "min": 8.623219647393949,
            "max": 11.600086805555556,
            "count": 25
        },
        "HitBall.Environment.EpisodeLength.sum": {
            "value": 228252.0,
            "min": 133633.0,
            "max": 230081.0,
            "count": 25
        },
        "HitBall.Step.mean": {
            "value": 21999996.0,
            "min": 15999994.0,
            "max": 21999996.0,
            "count": 25
        },
        "HitBall.Step.sum": {
            "value": 21999996.0,
            "min": 15999994.0,
            "max": 21999996.0,
            "count": 25
        },
        "HitBall.Policy.ExtrinsicValueEstimate.mean": {
            "value": 0.4250243604183197,
            "min": -12.603109359741211,
            "max": 0.4250243604183197,
            "count": 25
        },
        "HitBall.Policy.ExtrinsicValueEstimate.sum": {
            "value": 9244.705078125,
            "min": -250297.75,
            "max": 9244.705078125,
            "count": 25
        },
        "HitBall.Environment.CumulativeReward.mean": {
            "value": 1.731283629473848,
            "min": -11.99390307488656,
            "max": 1.731283629473848,
            "count": 25
        },
        "HitBall.Environment.CumulativeReward.sum": {
            "value": 37657.15022468567,
            "min": -236670.9500156641,
            "max": 37657.15022468567,
            "count": 25
        },
        "HitBall.Policy.ExtrinsicReward.mean": {
            "value": 1.731283629473848,
            "min": -11.99390307488656,
            "max": 1.731283629473848,
            "count": 25
        },
        "HitBall.Policy.ExtrinsicReward.sum": {
            "value": 37657.15022468567,
            "min": -236670.9500156641,
            "max": 37657.15022468567,
            "count": 25
        },
        "HitBall.Losses.PolicyLoss.mean": {
            "value": 0.015662804169022212,
            "min": 0.015662804169022212,
            "max": 0.01784592462566555,
            "count": 25
        },
        "HitBall.Losses.PolicyLoss.sum": {
            "value": 0.18795365002826656,
            "min": 0.11734863639027936,
            "max": 0.22030636132323705,
            "count": 25
        },
        "HitBall.Losses.ValueLoss.mean": {
            "value": 0.2593703001954903,
            "min": 0.2155539888258164,
            "max": 50.462149545124596,
            "count": 25
        },
        "HitBall.Losses.ValueLoss.sum": {
            "value": 3.1124436023458837,
            "min": 2.6114728073030715,
            "max": 353.2350468158722,
            "count": 25
        },
        "HitBall.Policy.LearningRate.mean": {
            "value": 5.975375917623875e-06,
            "min": 5.975375917623875e-06,
            "max": 0.00027558320880532273,
            "count": 25
        },
        "HitBall.Policy.LearningRate.sum": {
            "value": 7.170451101148649e-05,
            "min": 7.170451101148649e-05,
            "max": 0.003200631970845981,
            "count": 25
        },
        "HitBall.Policy.Epsilon.mean": {
            "value": 0.10059752765151515,
            "min": 0.10059752765151515,
            "max": 0.12755831363636366,
            "count": 25
        },
        "HitBall.Policy.Epsilon.sum": {
            "value": 1.207170331818182,
            "min": 0.8929081954545456,
            "max": 1.5880190181818183,
            "count": 25
        },
        "HitBall.Policy.Beta.mean": {
            "value": 6.969301238636374e-05,
            "min": 6.969301238636374e-05,
            "max": 0.0027630755322727274,
            "count": 25
        },
        "HitBall.Policy.Beta.sum": {
            "value": 0.000836316148636365,
            "min": 0.000836316148636365,
            "max": 0.03209430459818182,
            "count": 25
        },
        "HitBall.IsTraining.mean": {
            "value": 1.0,
            "min": 1.0,
            "max": 1.0,
            "count": 25
        },
        "HitBall.IsTraining.sum": {
            "value": 1.0,
            "min": 1.0,
            "max": 1.0,
            "count": 25
        }
    },
    "metadata": {
        "timer_format_version": "0.1.0",
        "start_time_seconds": "1777470340",
        "python_version": "3.10.12 (main, Jul  5 2023, 15:02:25) [Clang 14.0.6 ]",
        "command_line_arguments": "/opt/miniconda3/envs/mlagents/bin/mlagents-learn results/config/config_5hr.yaml --force --run-id=ppo --resume",
        "mlagents_version": "1.1.0",
        "mlagents_envs_version": "1.1.0",
        "communication_protocol_version": "1.5.0",
        "pytorch_version": "2.1.1",
        "numpy_version": "1.23.5",
        "end_time_seconds": "1777475759"
    },
    "total": 5391.525655958103,
    "count": 1,
    "self": 0.010579126188531518,
    "children": {
        "run_training.setup": {
            "total": 0.03277716599404812,
            "count": 1,
            "self": 0.03277716599404812
        },
        "TrainerController.start_learning": {
            "total": 5391.48229966592,
            "count": 1,
            "self": 7.039478687336668,
            "children": {
                "TrainerController._reset_env": {
                    "total": 11.673266374971718,
                    "count": 1,
                    "self": 11.673266374971718
                },
                "TrainerController.advance": {
                    "total": 5372.738393853651,
                    "count": 916226,
                    "self": 5.827320110518485,
                    "children": {
                        "env_step": {
                            "total": 4074.753646088997,
                            "count": 916226,
                            "self": 3922.114628705196,
                            "children": {
                                "SubprocessEnvManager._take_step": {
                                    "total": 147.97888159542345,
                                    "count": 916226,
                                    "self": 10.421376456739381,
                                    "children": {
                                        "TorchPolicy.evaluate": {
                                            "total": 137.55750513868406,
                                            "count": 512097,
                                            "self": 137.55750513868406
                                        }
                                    }
                                },
                                "workers": {
                                    "total": 4.660135788377374,
                                    "count": 916226,
                                    "self": 0.0,
                                    "children": {
                                        "worker_root": {
                                            "total": 5371.232543962076,
                                            "count": 916226,
                                            "is_parallel": true,
                                            "self": 1781.4749515973963,
                                            "children": {
                                                "steps_from_proto": {
                                                    "total": 0.0006225837860256433,
                                                    "count": 1,
                                                    "is_parallel": true,
                                                    "self": 6.766780279576778e-05,