{
    "name": "root",
    "gauges": {
        "HitBall.Policy.Entropy.mean": {
            "value": 2.1550261974334717,
            "min": 1.4095711708068848,
            "max": 2.1550261974334717,
            "count": 30
        },
        "HitBall.Policy.Entropy.sum": {
            "value": 538885.875,
            "min": 352674.71875,
            "max": 538885.875,
            "count": 30
        },
        "HitBall.Environment.EpisodeLength.mean": {
            "value": 25.398670044331855,
            "min": 16.526533473536627,
            "max": 25.65273037542662,
            "count": 30
        },
        "HitBall.Environment.EpisodeLength.sum": {
            "value": 240627.0,
            "min": 235751.0,
            "max": 240627.0,
            "count": 30
        },
        "HitBall.Step.mean": {
            "value": 7499995.0,
            "min": 249999.0,
            "max": 7499995.0,
            "count": 30
        },
        "HitBall.Step.sum": {
            "value": 7499995.0,
            "min": 249999.0,
            "max": 7499995.0,
            "count": 30
        },
        "HitBall.Policy.ExtrinsicValueEstimate.mean": {
            "value": 38.97625732421875,
            "min": -16.62114143371582,
            "max": 47.2997932434082,
            "count": 30
        },
        "HitBall.Policy.ExtrinsicValueEstimate.sum": {
            "value": 502092.125,
            "min": -214545.6875,
            "max": 540967.75,
            "count": 30
        },
        "HitBall.Environment.CumulativeReward.mean": {
            "value": 62.33607619053885,
            "min": -14.096196861211597,
            "max": 63.72494145141234,
            "count": 30
        },
        "HitBall.Environment.CumulativeReward.sum": {
            "value": 590509.6497529745,
            "min": -201068.15202832222,
            "max": 649465.6488502324,
            "count": 30
        },
        "HitBall.Policy.ExtrinsicReward.mean": {
            "value": 62.33607619053885,
            "min": -14.096196861211597,
            "max": 63.72494145141234,
            "count": 30
        },
        "HitBall.Policy.ExtrinsicReward.sum": {
            "value": 590509.6497529745,
            "min": -201068.15202832222,
            "max": 649465.6488502324,
            "count": 30
        },
        "HitBall.Losses.PolicyLoss.mean": {
            "value": 0.016273855709595563,
            "min": 0.0160451250370329,
            "max": 0.017728071400573146,
            "count": 30
        },
        "HitBall.Losses.PolicyLoss.sum": {
            "value": 0.19528626851514674,
            "min": 0.19254150044439483,
            "max": 0.22323678049346202,
            "count": 30
        },
        "HitBall.Losses.ValueLoss.mean": {
            "value": 82.68360433419546,
            "min": 47.87039403915404,
            "max": 980.3634829203288,
            "count": 30
        },
        "HitBall.Losses.ValueLoss.sum": {
            "value": 992.2032520103455,
            "min": 600.6702972793579,
            "max": 11764.361795043946,
            "count": 30
        },
        "HitBall.Policy.LearningRate.mean": {
            "value": 0.000665080412279841,
            "min": 0.000665080412279841,
            "max": 0.0009939463263629433,
            "count": 30
        },
        "HitBall.Policy.LearningRate.sum": {
            "value": 0.007980964947358091,
            "min": 0.007980964947358091,
            "max": 0.012188691626585391,
            "count": 30
        },
        "HitBall.Policy.Epsilon.mean": {
            "value": 0.1665080378787879,
            "min": 0.1665080378787879,
            "max": 0.1993946325757576,
            "count": 30
        },
        "HitBall.Policy.Epsilon.sum": {
            "value": 1.998096454545455,
            "min": 1.998096454545455,
            "max": 2.5188691545454547,
            "count": 30
        },
        "HitBall.Policy.Beta.mean": {
            "value": 0.0066541529840909094,
            "min": 0.0066541529840909094,
            "max": 0.009939523794318181,
            "count": 30
        },
        "HitBall.Policy.Beta.sum": {
            "value": 0.07984983580909091,
            "min": 0.07984983580909091,
            "max": 0.12189502853909091,
            "count": 30
        },
        "HitBall.IsTraining.mean": {
            "value": 1.0,
            "min": 1.0,
            "max": 1.0,
            "count": 30
        },
        "HitBall.IsTraining.sum": {
            "value": 1.0,
            "min": 1.0,
            "max": 1.0,
            "count": 30
        }
    },
    "metadata": {
        "timer_format_version": "0.1.0",
        "start_time_seconds": "1777596303",
        "python_version": "3.10.12 (main, Jul  5 2023, 15:02:25) [Clang 14.0.6 ]",
        "command_line_arguments": "/opt/miniconda3/envs/mlagents/bin/mlagents-learn results/config/config_5hr.yaml --force",
        "mlagents_version": "1.1.0",
        "mlagents_envs_version": "1.1.0",
        "communication_protocol_version": "1.5.0",
        "pytorch_version": "2.1.1",
        "numpy_version": "1.23.5",
        "end_time_seconds": "1777601420"
    },
    "total": 5117.117927958025,
    "count": 1,
    "self": 0.007891625165939331,
    "children": {
        "run_training.setup": {
            "total": 0.02232874999754131,
            "count": 1,
            "self": 0.02232874999754131
        },
        "TrainerController.start_learning": {
            "total": 5117.087707582861,
            "count": 1,
            "self": 4.122092330828309,
            "children": {
                "TrainerController._reset_env": {
                    "total": 5.9687548340298235,
                    "count": 1,
                    "self": 5.9687548340298235
                },
                "TrainerController.advance": {
                    "total": 5106.9298449589405,
                    "count": 624061,
                    "self": 3.7105773193761706,
                    "children": {
                        "env_step": {
                            "total": 3763.357124420814,
                            "count": 624061,
                            "self": 3647.792782265926,
                            "children": {
                                "SubprocessEnvManager._take_step": {
                                    "total": 112.6435916335322,
                                    "count": 624061,
                                    "self": 7.825147472321987,
                                    "children": {
                                        "TorchPolicy.evaluate": {
                                            "total": 104.81844416121021,
                                            "count": 387381,
                                            "self": 104.81844416121021
                                        }
                                    }
                                },
                                "workers": {
                                    "total": 2.92075052135624,
                                    "count": 624060,
                                    "self": 0.0,
                                    "children": {
                                        "worker_root": {
                                            "total": 5097.547478028573,
                                            "count": 624060,
                                            "is_parallel": true,
                                            "self": 1704.7053891126998,
                                            "children": {
                                                "steps_from_proto": {
                                                    "total": 0.001351166982203722,
                                                    "count": 1,
                                                    "is_parallel": true,
                                                    "self": 0.0002337079495191574,