{
    "name": "root",
    "gauges": {
        "HitBall.Policy.Entropy.mean": {
            "value": 1.3680177927017212,
            "min": 1.3535912036895752,
            "max": 1.4063912630081177,
            "count": 10
        },
        "HitBall.Policy.Entropy.sum": {
            "value": 341949.71875,
            "min": 211616.875,
            "max": 348109.15625,
            "count": 10
        },
        "HitBall.Environment.EpisodeLength.mean": {
            "value": 28.330908237502932,
            "min": 28.319485078993562,
            "max": 29.474037055095074,
            "count": 10
        },
        "HitBall.Environment.EpisodeLength.sum": {
            "value": 241436.0,
            "min": 145194.0,
            "max": 241805.0,
            "count": 10
        },
        "HitBall.Step.mean": {
            "value": 15749969.0,
            "min": 13499981.0,
            "max": 15749969.0,
            "count": 10
        },
        "HitBall.Step.sum": {
            "value": 15749969.0,
            "min": 13499981.0,
            "max": 15749969.0,
            "count": 10
        },
        "HitBall.Policy.ExtrinsicValueEstimate.mean": {
            "value": 51.89604568481445,
            "min": 41.82577896118164,
            "max": 51.89604568481445,
            "count": 10
        },
        "HitBall.Policy.ExtrinsicValueEstimate.sum": {
            "value": 523527.3125,
            "min": 286924.84375,
            "max": 544172.6875,
            "count": 10
        },
        "HitBall.Environment.CumulativeReward.mean": {
            "value": 70.42910446519095,
            "min": 59.294147790513186,
            "max": 70.42910446519095,
            "count": 10
        },
        "HitBall.Environment.CumulativeReward.sum": {
            "value": 600267.2573568225,
            "min": 303941.8015741706,
            "max": 600267.2573568225,
            "count": 10
        },
        "HitBall.Policy.ExtrinsicReward.mean": {
            "value": 70.42910446519095,
            "min": 59.294147790513186,
            "max": 70.42910446519095,
            "count": 10
        },
        "HitBall.Policy.ExtrinsicReward.sum": {
            "value": 600267.2573568225,
            "min": 303941.8015741706,
            "max": 600267.2573568225,
            "count": 10
        },
        "HitBall.Losses.PolicyLoss.mean": {
            "value": 0.015838764690180633,
            "min": 0.01581368919663267,
            "max": 0.017863440340561282,
            "count": 10
        },
        "HitBall.Losses.PolicyLoss.sum": {
            "value": 0.2059039409723482,
            "min": 0.12350229261501228,
            "max": 0.2181115004356434,
            "count": 10
        },
        "HitBall.Losses.ValueLoss.mean": {
            "value": 44.16669289515569,
            "min": 43.7539279460907,
            "max": 77.79528530665807,
            "count": 10
        },
        "HitBall.Losses.ValueLoss.sum": {
            "value": 574.167007637024,
            "min": 525.0471353530884,
            "max": 612.1841611099243,
            "count": 10
        },
        "HitBall.Policy.LearningRate.mean": {
            "value": 0.00028979062346849715,
            "min": 0.00028979062346849715,
            "max": 0.00038947182728658956,
            "count": 10
        },
        "HitBall.Policy.LearningRate.sum": {
            "value": 0.003767278105090463,
            "min": 0.002726302791006127,
            "max": 0.004567465879617123,
            "count": 10
        },
        "HitBall.Policy.Epsilon.mean": {
            "value": 0.12897905524475525,
            "min": 0.12897905524475525,
            "max": 0.13894717662337663,
            "count": 10
        },
        "HitBall.Policy.Epsilon.sum": {
            "value": 1.6767277181818183,
            "min": 0.9726302363636364,
            "max": 1.7506082045454545,
            "count": 10
        },
        "HitBall.Policy.Beta.mean": {
            "value": 0.002905007618951049,
            "min": 0.002905007618951049,
            "max": 0.003900822944675325,
            "count": 10
        },
        "HitBall.Policy.Beta.sum": {
            "value": 0.03776509904636364,
            "min": 0.027305760612727274,
            "max": 0.04574897671227273,
            "count": 10
        },
        "HitBall.IsTraining.mean": {
            "value": 1.0,
            "min": 1.0,
            "max": 1.0,
            "count": 10
        },
        "HitBall.IsTraining.sum": {
            "value": 1.0,
            "min": 1.0,
            "max": 1.0,
            "count": 10
        }
    },
    "metadata": {
        "timer_format_version": "0.1.0",
        "start_time_seconds": "1777428018",
        "python_version": "3.10.12 (main, Jul  5 2023, 15:02:25) [Clang 14.0.6 ]",
        "command_line_arguments": "/opt/miniconda3/envs/mlagents/bin/mlagents-learn results/config/config_5hr.yaml --force --run-id=ppo --resume",
        "mlagents_version": "1.1.0",
        "mlagents_envs_version": "1.1.0",
        "communication_protocol_version": "1.5.0",
        "pytorch_version": "2.1.1",
        "numpy_version": "1.23.5",
        "end_time_seconds": "1777429814"
    },
    "total": 1796.193704750156,
    "count": 1,
    "self": 0.003854042151942849,
    "children": {
        "run_training.setup": {
            "total": 0.01952012488618493,
            "count": 1,
            "self": 0.01952012488618493
        },
        "TrainerController.start_learning": {
            "total": 1796.170330583118,
            "count": 1,
            "self": 1.8556204508058727,
            "children": {
                "TrainerController._reset_env": {
                    "total": 20.708244166104123,
                    "count": 1,
                    "self": 20.708244166104123
                },
                "TrainerController.advance": {
                    "total": 1773.5401590073016,
                    "count": 272959,
                    "self": 1.7307207996491343,
                    "children": {
                        "env_step": {
                            "total": 1362.6302269024309,
                            "count": 272959,
                            "self": 1307.4723692731932,
                            "children": {
                                "SubprocessEnvManager._take_step": {
                                    "total": 53.82795426109806,
                                    "count": 272959,
                                    "self": 3.864900010637939,
                                    "children": {
                                        "TorchPolicy.evaluate": {
                                            "total": 49.96305425046012,
                                            "count": 208787,
                                            "self": 49.96305425046012
                                        }
                                    }
                                },
                                "workers": {
                                    "total": 1.3299033681396395,
                                    "count": 272958,
                                    "self": 0.0,
                                    "children": {
                                        "worker_root": {
                                            "total": 1768.4566099755466,
                                            "count": 272958,
                                            "is_parallel": true,
                                            "self": 566.389620993752,
                                            "children": {
                                                "steps_from_proto": {
                                                    "total": 0.0010892909485846758,
                                                    "count": 1,
                                                    "is_parallel": true,
                                                    "self": 0.0001633737701922655,