{
    "name": "root",
    "gauges": {
        "HitBall.Policy.Entropy.mean": {
            "value": 1.0232932567596436,
            "min": 1.0216327905654907,
            "max": 1.4084910154342651,
            "count": 12
        },
        "HitBall.Policy.Entropy.sum": {
            "value": 255831.5,
            "min": 255375.5,
            "max": 352224.15625,
            "count": 12
        },
        "HitBall.Environment.EpisodeLength.mean": {
            "value": 32.70167160959827,
            "min": 18.3447582205029,
            "max": 33.277389277389275,
            "count": 12
        },
        "HitBall.Environment.EpisodeLength.sum": {
            "value": 242581.0,
            "min": 237106.0,
            "max": 242731.0,
            "count": 12
        },
        "HitBall.Step.mean": {
            "value": 2999983.0,
            "min": 249992.0,
            "max": 2999983.0,
            "count": 12
        },
        "HitBall.Step.sum": {
            "value": 2999983.0,
            "min": 249992.0,
            "max": 2999983.0,
            "count": 12
        },
        "HitBall.Policy.ExtrinsicValueEstimate.mean": {
            "value": 13.655899047851562,
            "min": 3.746161699295044,
            "max": 13.655899047851562,
            "count": 12
        },
        "HitBall.Policy.ExtrinsicValueEstimate.sum": {
            "value": 101299.4609375,
            "min": 48434.125,
            "max": 106318.890625,
            "count": 12
        },
        "HitBall.Environment.CumulativeReward.mean": {
            "value": 25.5534847354545,
            "min": 8.395512222432012,
            "max": 25.5534847354545,
            "count": 12
        },
        "HitBall.Environment.CumulativeReward.sum": {
            "value": 189555.7497676015,
            "min": 108503.59996271133,
            "max": 189555.7497676015,
            "count": 12
        },
        "HitBall.Policy.ExtrinsicReward.mean": {
            "value": 25.5534847354545,
            "min": 8.395512222432012,
            "max": 25.5534847354545,
            "count": 12
        },
        "HitBall.Policy.ExtrinsicReward.sum": {
            "value": 189555.7497676015,
            "min": 108503.59996271133,
            "max": 189555.7497676015,
            "count": 12
        },
        "HitBall.Losses.PolicyLoss.mean": {
            "value": 0.01611080126153562,
            "min": 0.015232448297780747,
            "max": 0.017797780629611785,
            "count": 12
        },
        "HitBall.Losses.PolicyLoss.sum": {
            "value": 0.19332961513842745,
            "min": 0.18278937957336897,
            "max": 0.2313711481849532,
            "count": 12
        },
        "HitBall.Losses.ValueLoss.mean": {
            "value": 12.36301963488261,
            "min": 12.172101557804988,
            "max": 29.20281051953633,
            "count": 12
        },
        "HitBall.Losses.ValueLoss.sum": {
            "value": 148.3562356185913,
            "min": 148.3562356185913,
            "max": 350.433726234436,
            "count": 12
        },
        "HitBall.Policy.LearningRate.mean": {
            "value": 0.0008690985850598399,
            "min": 0.0008690985850598399,
            "max": 0.00099394583393875,
            "count": 12
        },
        "HitBall.Policy.LearningRate.sum": {
            "value": 0.010429183020718078,
            "min": 0.010429183020718078,
            "max": 0.012188598444776527,
            "count": 12
        },
        "HitBall.Policy.Epsilon.mean": {
            "value": 0.1869098571969697,
            "min": 0.1869098571969697,
            "max": 0.1993945833333333,
            "count": 12
        },
        "HitBall.Policy.Epsilon.sum": {
            "value": 2.2429182863636363,
            "min": 2.2429182863636363,
            "max": 2.518859836363637,
            "count": 12
        },
        "HitBall.Policy.Beta.mean": {
            "value": 0.008692294733977273,
            "min": 0.008692294733977273,
            "max": 0.009939518875000001,
            "count": 12
        },
        "HitBall.Policy.Beta.sum": {
            "value": 0.10430753680772727,
            "min": 0.10430753680772727,
            "max": 0.12189409765272727,
            "count": 12
        },
        "HitBall.IsTraining.mean": {
            "value": 1.0,
            "min": 1.0,
            "max": 1.0,
            "count": 12
        },
        "HitBall.IsTraining.sum": {
            "value": 1.0,
            "min": 1.0,
            "max": 1.0,
            "count": 12
        }
    },
    "metadata": {
        "timer_format_version": "0.1.0",
        "start_time_seconds": "1777091344",
        "python_version": "3.10.12 (main, Jul  5 2023, 15:02:25) [Clang 14.0.6 ]",
        "command_line_arguments": "/opt/miniconda3/envs/mlagents/bin/mlagents-learn results/config/config_5hr.yaml --force",
        "mlagents_version": "1.1.0",
        "mlagents_envs_version": "1.1.0",
        "communication_protocol_version": "1.5.0",
        "pytorch_version": "2.1.1",
        "numpy_version": "1.23.5",
        "end_time_seconds": "1777094517"
    },
    "total": 3173.479425499914,
    "count": 1,
    "self": 0.004780875286087394,
    "children": {
        "run_training.setup": {
            "total": 0.017990874825045466,
            "count": 1,
            "self": 0.017990874825045466
        },
        "TrainerController.start_learning": {
            "total": 3173.456653749803,
            "count": 1,
            "self": 5.397386841941625,
            "children": {
                "TrainerController._reset_env": {
                    "total": 11.684897958068177,
                    "count": 1,
                    "self": 11.684897958068177
                },
                "TrainerController.advance": {
                    "total": 3156.3128478247672,
                    "count": 889567,
                    "self": 4.993822884047404,
                    "children": {
                        "env_step": {
                            "total": 2744.4416465559043,
                            "count": 889567,
                            "self": 2590.4642119526397,
                            "children": {
                                "SubprocessEnvManager._take_step": {
                                    "total": 150.10339260054752,
                                    "count": 889567,
                                    "self": 11.691747172735631,
                                    "children": {
                                        "TorchPolicy.evaluate": {
                                            "total": 138.4116454278119,
                                            "count": 804471,
                                            "self": 138.4116454278119
                                        }
                                    }
                                },
                                "workers": {
                                    "total": 3.874042002717033,
                                    "count": 889566,
                                    "self": 0.0,
                                    "children": {
                                        "worker_root": {
                                            "total": 3154.6703195907176,
                                            "count": 889566,
                                            "is_parallel": true,
                                            "self": 825.0485942291562,
                                            "children": {
                                                "steps_from_proto": {
                                                    "total": 0.0011649159714579582,
                                                    "count": 1,
                                                    "is_parallel": true,
                                                    "self": 0.00023375009186565876,