{
    "name": "root",
    "gauges": {
        "HitBall.Policy.Entropy.mean": {
            "value": 0.7108147144317627,
            "min": 0.7108147144317627,
            "max": 1.410181999206543,
            "count": 11
        },
        "HitBall.Policy.Entropy.sum": {
            "value": 177723.578125,
            "min": 177723.578125,
            "max": 352590.625,
            "count": 11
        },
        "HitBall.Environment.EpisodeLength.mean": {
            "value": 40.66372271288119,
            "min": 18.435745937961595,
            "max": 41.423044289835396,
            "count": 11
        },
        "HitBall.Environment.EpisodeLength.sum": {
            "value": 244023.0,
            "min": 237139.0,
            "max": 244123.0,
            "count": 11
        },
        "HitBall.Step.mean": {
            "value": 2749980.0,
            "min": 249977.0,
            "max": 2749980.0,
            "count": 11
        },
        "HitBall.Step.sum": {
            "value": 2749980.0,
            "min": 249977.0,
            "max": 2749980.0,
            "count": 11
        },
        "HitBall.Policy.ExtrinsicValueEstimate.mean": {
            "value": 8.329957008361816,
            "min": -0.35051536560058594,
            "max": 8.384984016418457,
            "count": 11
        },
        "HitBall.Policy.ExtrinsicValueEstimate.sum": {
            "value": 93420.46875,
            "min": -4601.21533203125,
            "max": 94884.4765625,
            "count": 11
        },
        "HitBall.Environment.CumulativeReward.mean": {
            "value": 29.245226193658315,
            "min": 3.191280538312682,
            "max": 29.245226193658315,
            "count": 11
        },
        "HitBall.Environment.CumulativeReward.sum": {
            "value": 175500.60238814354,
            "min": 41046.250283777714,
            "max": 175500.60238814354,
            "count": 11
        },
        "HitBall.Policy.ExtrinsicReward.mean": {
            "value": 29.245226193658315,
            "min": 3.191280538312682,
            "max": 29.245226193658315,
            "count": 11
        },
        "HitBall.Policy.ExtrinsicReward.sum": {
            "value": 175500.60238814354,
            "min": 41046.250283777714,
            "max": 175500.60238814354,
            "count": 11
        },
        "HitBall.Losses.PolicyLoss.mean": {
            "value": 0.01688628219002007,
            "min": 0.016098141179166612,
            "max": 0.017553311574768787,
            "count": 11
        },
        "HitBall.Losses.PolicyLoss.sum": {
            "value": 0.21952166847026092,
            "min": 0.19317769414999933,
            "max": 0.21952166847026092,
            "count": 11
        },
        "HitBall.Losses.ValueLoss.mean": {
            "value": 6.688000916701098,
            "min": 4.785647969245911,
            "max": 16.930974491437272,
            "count": 11
        },
        "HitBall.Losses.ValueLoss.sum": {
            "value": 86.94401191711427,
            "min": 59.86912168502807,
            "max": 203.17169389724728,
            "count": 11
        },
        "HitBall.Policy.LearningRate.mean": {
            "value": 0.0008807591238122007,
            "min": 0.0008807591238122007,
            "max": 0.0009939460460599407,
            "count": 11
        },
        "HitBall.Policy.LearningRate.sum": {
            "value": 0.011449868609558609,
            "min": 0.010708838720025234,
            "max": 0.012188675899314235,
            "count": 11
        },
        "HitBall.Policy.Epsilon.mean": {
            "value": 0.1880759111888112,
            "min": 0.1880759111888112,
            "max": 0.19939460454545455,
            "count": 11
        },
        "HitBall.Policy.Epsilon.sum": {
            "value": 2.4449868454545456,
            "min": 2.270883859090909,
            "max": 2.5188675818181823,
            "count": 11
        },
        "HitBall.Policy.Beta.mean": {
            "value": 0.008808783527762239,
            "min": 0.008808783527762239,
            "max": 0.009939520994090912,
            "count": 11
        },
        "HitBall.Policy.Beta.sum": {
            "value": 0.1145141858609091,
            "min": 0.10710129752318183,
            "max": 0.12189487142363636,
            "count": 11
        },
        "HitBall.IsTraining.mean": {
            "value": 1.0,
            "min": 1.0,
            "max": 1.0,
            "count": 11
        },
        "HitBall.IsTraining.sum": {
            "value": 1.0,
            "min": 1.0,
            "max": 1.0,
            "count": 11
        }
    },
    "metadata": {
        "timer_format_version": "0.1.0",
        "start_time_seconds": "1777401679",
        "python_version": "3.10.12 (main, Jul  5 2023, 15:02:25) [Clang 14.0.6 ]",
        "command_line_arguments": "/opt/miniconda3/envs/mlagents/bin/mlagents-learn results/config/config_5hr.yaml --force",
        "mlagents_version": "1.1.0",
        "mlagents_envs_version": "1.1.0",
        "communication_protocol_version": "1.5.0",
        "pytorch_version": "2.1.1",
        "numpy_version": "1.23.5",
        "end_time_seconds": "1777405212"
    },
    "total": 3151.1099015001673,
    "count": 1,
    "self": 0.006481584161520004,
    "children": {
        "run_training.setup": {
            "total": 0.0233709579333663,
            "count": 1,
            "self": 0.0233709579333663
        },
        "TrainerController.start_learning": {
            "total": 3151.0800489580724,
            "count": 1,
            "self": 4.7175015597604215,
            "children": {
                "TrainerController._reset_env": {
                    "total": 4.565662875073031,
                    "count": 1,
                    "self": 4.565662875073031
                },
                "TrainerController.advance": {
                    "total": 3141.74059194047,
                    "count": 793043,
                    "self": 4.387652453267947,
                    "children": {
                        "env_step": {
                            "total": 2646.7940046470612,
                            "count": 793043,
                            "self": 2490.710951389279,
                            "children": {
                                "SubprocessEnvManager._take_step": {
                                    "total": 152.44093706598505,
                                    "count": 793043,
                                    "self": 10.283663734560832,
                                    "children": {
                                        "TorchPolicy.evaluate": {
                                            "total": 142.15727333142422,
                                            "count": 727981,
                                            "self": 142.15727333142422
                                        }
                                    }
                                },
                                "workers": {
                                    "total": 3.6421161917969584,
                                    "count": 793042,
                                    "self": 0.0,
                                    "children": {
                                        "worker_root": {
                                            "total": 3135.180767477257,
                                            "count": 793042,
                                            "is_parallel": true,
                                            "self": 889.6461252726149,
                                            "children": {
                                                "steps_from_proto": {
                                                    "total": 0.001918500056490302,
                                                    "count": 1,
                                                    "is_parallel": true,
                                                    "self": 0.00027120811864733696,