{
    "name": "root",
    "gauges": {
        "HitBall.Policy.Entropy.mean": {
            "value": 2.2829606533050537,
            "min": 2.064955234527588,
            "max": 2.2829606533050537,
            "count": 22
        },
        "HitBall.Policy.Entropy.sum": {
            "value": 570854.3125,
            "min": 6453.81689453125,
            "max": 570854.3125,
            "count": 22
        },
        "HitBall.Environment.EpisodeLength.mean": {
            "value": 33.398486932599724,
            "min": 27.070522178551375,
            "max": 34.90773210692728,
            "count": 22
        },
        "HitBall.Environment.EpisodeLength.sum": {
            "value": 242807.0,
            "min": 2468.0,
            "max": 242986.0,
            "count": 22
        },
        "HitBall.Step.mean": {
            "value": 12999996.0,
            "min": 7749984.0,
            "max": 12999996.0,
            "count": 22
        },
        "HitBall.Step.sum": {
            "value": 12999996.0,
            "min": 7749984.0,
            "max": 12999996.0,
            "count": 22
        },
        "HitBall.Policy.ExtrinsicValueEstimate.mean": {
            "value": 6.848013877868652,
            "min": -14.541340827941895,
            "max": 33.97926712036133,
            "count": 22
        },
        "HitBall.Policy.ExtrinsicValueEstimate.sum": {
            "value": 82135.078125,
            "min": -182072.125,
            "max": 131616.4375,
            "count": 22
        },
        "HitBall.Environment.CumulativeReward.mean": {
            "value": 21.590184627565396,
            "min": -29.74777791433864,
            "max": 29.43951047182871,
            "count": 22
        },
        "HitBall.Environment.CumulativeReward.sum": {
            "value": 156939.05205777287,
            "min": -223518.59963083267,
            "max": 204869.553373456,
            "count": 22
        },
        "HitBall.Policy.ExtrinsicReward.mean": {
            "value": 21.590184627565396,
            "min": -29.74777791433864,
            "max": 29.43951047182871,
            "count": 22
        },
        "HitBall.Policy.ExtrinsicReward.sum": {
            "value": 156939.05205777287,
            "min": -223518.59963083267,
            "max": 204869.553373456,
            "count": 22
        },
        "HitBall.IsTraining.mean": {
            "value": 1.0,
            "min": 1.0,
            "max": 1.0,
            "count": 22
        },
        "HitBall.IsTraining.sum": {
            "value": 1.0,
            "min": 1.0,
            "max": 1.0,
            "count": 22
        },
        "HitBall.Losses.PolicyLoss.mean": {
            "value": 0.016396849769898834,
            "min": 0.015771616489922355,
            "max": 0.0177835897165005,
            "count": 21
        },
        "HitBall.Losses.PolicyLoss.sum": {
            "value": 0.196762197238786,
            "min": 0.18925939787906826,
            "max": 0.22056523175313492,
            "count": 21
        },
        "HitBall.Losses.ValueLoss.mean": {
            "value": 36.46475270112355,
            "min": 19.38502290646235,
            "max": 206.18658260345464,
            "count": 21
        },
        "HitBall.Losses.ValueLoss.sum": {
            "value": 437.57703241348264,
            "min": 232.6202748775482,
            "max": 2474.2389912414556,
            "count": 21
        },
        "HitBall.Policy.LearningRate.mean": {
            "value": 0.0004144025737112636,
            "min": 0.0004144025737112636,
            "max": 0.000641793100214633,
            "count": 21
        },
        "HitBall.Policy.LearningRate.sum": {
            "value": 0.004972830884535163,
            "min": 0.004972830884535163,
            "max": 0.0077557172062465134,
            "count": 21
        },
        "HitBall.Policy.Epsilon.mean": {
            "value": 0.14144025151515155,
            "min": 0.14144025151515155,
            "max": 0.16417930643939393,
            "count": 21
        },
        "HitBall.Policy.Epsilon.sum": {
            "value": 1.6972830181818186,
            "min": 1.6972830181818186,
            "max": 2.0755716681818184,
            "count": 21
        },
        "HitBall.Policy.Beta.mean": {
            "value": 0.004149881126363635,
            "min": 0.004149881126363635,
            "max": 0.006421512713295455,
            "count": 21
        },
        "HitBall.Policy.Beta.sum": {
            "value": 0.049798573516363624,
            "min": 0.049798573516363624,
            "max": 0.07760960965136364,
            "count": 21
        }
    },
    "metadata": {
        "timer_format_version": "0.1.0",
        "start_time_seconds": "1777651834",
        "python_version": "3.10.12 (main, Jul  5 2023, 15:02:25) [Clang 14.0.6 ]",
        "command_line_arguments": "/opt/miniconda3/envs/mlagents/bin/mlagents-learn results/config/config_5hr.yaml --force --run-id=ppo --resume",
        "mlagents_version": "1.1.0",
        "mlagents_envs_version": "1.1.0",
        "communication_protocol_version": "1.5.0",
        "pytorch_version": "2.1.1",
        "numpy_version": "1.23.5",
        "end_time_seconds": "1777655069"
    },
    "total": 3234.6777404170007,
    "count": 1,
    "self": 0.0041855000008581555,
    "children": {
        "run_training.setup": {
            "total": 0.027977959000054398,
            "count": 1,
            "self": 0.027977959000054398
        },
        "TrainerController.start_learning": {
            "total": 3234.6455769579998,
            "count": 1,
            "self": 2.3813735620860825,
            "children": {
                "TrainerController._reset_env": {
                    "total": 47.55213337499936,
                    "count": 1,
                    "self": 47.55213337499936
                },
                "TrainerController.advance": {
                    "total": 3184.658569854915,
                    "count": 329622,
                    "self": 2.021270952363011,
                    "children": {
                        "env_step": {
                            "total": 2302.0214536772246,
                            "count": 329622,
                            "self": 2237.7731094896453,
                            "children": {
                                "SubprocessEnvManager._take_step": {
                                    "total": 62.69989950092713,
                                    "count": 329622,
                                    "self": 4.572500482635405,
                                    "children": {
                                        "TorchPolicy.evaluate": {
                                            "total": 58.127399018291726,
                                            "count": 212304,
                                            "self": 58.127399018291726
                                        }
                                    }
                                },
                                "workers": {
                                    "total": 1.5484446866521466,
                                    "count": 329621,
                                    "self": 0.0,
                                    "children": {
                                        "worker_root": {
                                            "total": 3180.823074328111,
                                            "count": 329621,
                                            "is_parallel": true,
                                            "self": 1092.5946776120463,
                                            "children": {
                                                "steps_from_proto": {
                                                    "total": 0.0025563750004948815,
                                                    "count": 1,
                                                    "is_parallel": true,
                                                    "self": 0.0002661660009835032,