{
    "name": "root",
    "gauges": {
        "HitBall.Policy.Entropy.mean": {
            "value": 2.0215530395507812,
            "min": 2.0215530395507812,
            "max": 2.294912576675415,
            "count": 36
        },
        "HitBall.Policy.Entropy.sum": {
            "value": 505388.25,
            "min": 449068.5,
            "max": 562801.3125,
            "count": 36
        },
        "HitBall.Environment.EpisodeLength.mean": {
            "value": 36.759365558912386,
            "min": 34.04522613065327,
            "max": 36.87498105773602,
            "count": 36
        },
        "HitBall.Environment.EpisodeLength.sum": {
            "value": 243347.0,
            "min": 189700.0,
            "max": 243514.0,
            "count": 36
        },
        "HitBall.Step.mean": {
            "value": 21999975.0,
            "min": 13249988.0,
            "max": 21999975.0,
            "count": 36
        },
        "HitBall.Step.sum": {
            "value": 21999975.0,
            "min": 13249988.0,
            "max": 21999975.0,
            "count": 36
        },
        "HitBall.Policy.ExtrinsicValueEstimate.mean": {
            "value": 3.4441187381744385,
            "min": -10.707602500915527,
            "max": 4.352619171142578,
            "count": 36
        },
        "HitBall.Policy.ExtrinsicValueEstimate.sum": {
            "value": 42304.109375,
            "min": -131382.28125,
            "max": 53463.22265625,
            "count": 36
        },
        "HitBall.Environment.CumulativeReward.mean": {
            "value": 54.32437845710324,
            "min": 8.827755971855169,
            "max": 54.32437845710324,
            "count": 36
        },
        "HitBall.Environment.CumulativeReward.sum": {
            "value": 359681.7097644806,
            "min": 49188.256275177,
            "max": 359681.7097644806,
            "count": 36
        },
        "HitBall.Policy.ExtrinsicReward.mean": {
            "value": 54.32437845710324,
            "min": 8.827755971855169,
            "max": 54.32437845710324,
            "count": 36
        },
        "HitBall.Policy.ExtrinsicReward.sum": {
            "value": 359681.7097644806,
            "min": 49188.256275177,
            "max": 359681.7097644806,
            "count": 36
        },
        "HitBall.Losses.PolicyLoss.mean": {
            "value": 0.01737026987836998,
            "min": 0.015620911823768133,
            "max": 0.01807649390645868,
            "count": 36
        },
        "HitBall.Losses.PolicyLoss.sum": {
            "value": 0.20844323854043978,
            "min": 0.1498512044896779,
            "max": 0.22955183565012705,
            "count": 36
        },
        "HitBall.Losses.ValueLoss.mean": {
            "value": 92.45708985646564,
            "min": 91.05268169403075,
            "max": 251.69975382486982,
            "count": 36
        },
        "HitBall.Losses.ValueLoss.sum": {
            "value": 1109.4850782775877,
            "min": 1092.632180328369,
            "max": 3020.3970458984377,
            "count": 36
        },
        "HitBall.Policy.LearningRate.mean": {
            "value": 5.482129754827283e-06,
            "min": 5.482129754827283e-06,
            "max": 0.0004019503123302273,
            "count": 36
        },
        "HitBall.Policy.LearningRate.sum": {
            "value": 6.57855570579274e-05,
            "min": 6.57855570579274e-05,
            "max": 0.004801315138050386,
            "count": 36
        },
        "HitBall.Policy.Epsilon.mean": {
            "value": 0.10054820303030304,
            "min": 0.10054820303030304,
            "max": 0.14019502525252525,
            "count": 36
        },
        "HitBall.Policy.Epsilon.sum": {
            "value": 1.2065784363636365,
            "min": 1.2065784363636365,
            "max": 1.780131431818182,
            "count": 36
        },
        "HitBall.Policy.Beta.mean": {
            "value": 6.476548272727282e-05,
            "min": 6.476548272727282e-05,
            "max": 0.004025483022727273,
            "count": 36
        },
        "HitBall.Policy.Beta.sum": {
            "value": 0.0007771857927272739,
            "min": 0.0007771857927272739,
            "max": 0.04809513003863637,
            "count": 36
        },
        "HitBall.IsTraining.mean": {
            "value": 1.0,
            "min": 1.0,
            "max": 1.0,
            "count": 36
        },
        "HitBall.IsTraining.sum": {
            "value": 1.0,
            "min": 1.0,
            "max": 1.0,
            "count": 36
        }
    },
    "metadata": {
        "timer_format_version": "0.1.0",
        "start_time_seconds": "1777656543",
        "python_version": "3.10.12 (main, Jul  5 2023, 15:02:25) [Clang 14.0.6 ]",
        "command_line_arguments": "/opt/miniconda3/envs/mlagents/bin/mlagents-learn results/config/config_5hr.yaml --force --run-id=ppo --resume",
        "mlagents_version": "1.1.0",
        "mlagents_envs_version": "1.1.0",
        "communication_protocol_version": "1.5.0",
        "pytorch_version": "2.1.1",
        "numpy_version": "1.23.5",
        "end_time_seconds": "1777662190"
    },
    "total": 5646.6684465419985,
    "count": 1,
    "self": 0.012305707999985316,
    "children": {
        "run_training.setup": {
            "total": 0.024080041999695823,
            "count": 1,
            "self": 0.024080041999695823
        },
        "TrainerController.start_learning": {
            "total": 5646.632060791999,
            "count": 1,
            "self": 4.315671026453856,
            "children": {
                "TrainerController._reset_env": {
                    "total": 27.017858459001218,
                    "count": 1,
                    "self": 27.017858459001218
                },
                "TrainerController.advance": {
                    "total": 5615.275032265545,
                    "count": 630902,
                    "self": 3.794222730137335,
                    "children": {
                        "env_step": {
                            "total": 4081.392045999719,
                            "count": 630902,
                            "self": 3954.7598320318484,
                            "children": {
                                "SubprocessEnvManager._take_step": {
                                    "total": 123.69788274284292,
                                    "count": 630902,
                                    "self": 8.758621851722637,
                                    "children": {
                                        "TorchPolicy.evaluate": {
                                            "total": 114.93926089112028,
                                            "count": 447282,
                                            "self": 114.93926089112028
                                        }
                                    }
                                },
                                "workers": {
                                    "total": 2.934331225027563,
                                    "count": 630902,
                                    "self": 0.0,
                                    "children": {
                                        "worker_root": {
                                            "total": 5614.330397718448,
                                            "count": 630902,
                                            "is_parallel": true,
                                            "self": 1923.4344717035146,
                                            "children": {
                                                "steps_from_proto": {
                                                    "total": 0.0010980000006384216,
                                                    "count": 1,
                                                    "is_parallel": true,
                                                    "self": 0.00020079200112377293,