{
    "name": "root",
    "gauges": {
        "HitBall.Policy.Entropy.mean": {
            "value": 1.3375394344329834,
            "min": 0.937699556350708,
            "max": 1.4065263271331787,
            "count": 27
        },
        "HitBall.Policy.Entropy.sum": {
            "value": 334395.5625,
            "min": 234274.859375,
            "max": 351811.625,
            "count": 27
        },
        "HitBall.Environment.EpisodeLength.mean": {
            "value": 39.335646280458285,
            "min": 18.268516377649327,
            "max": 41.993296665520795,
            "count": 27
        },
        "HitBall.Environment.EpisodeLength.sum": {
            "value": 243763.0,
            "min": 237034.0,
            "max": 244317.0,
            "count": 27
        },
        "HitBall.Step.mean": {
            "value": 6749983.0,
            "min": 249988.0,
            "max": 6749983.0,
            "count": 27
        },
        "HitBall.Step.sum": {
            "value": 6749983.0,
            "min": 249988.0,
            "max": 6749983.0,
            "count": 27
        },
        "HitBall.Policy.ExtrinsicValueEstimate.mean": {
            "value": 9.692232131958008,
            "min": -0.04808210954070091,
            "max": 9.774579048156738,
            "count": 27
        },
        "HitBall.Policy.ExtrinsicValueEstimate.sum": {
            "value": 107331.78125,
            "min": -632.18359375,
            "max": 108136.1640625,
            "count": 27
        },
        "HitBall.Environment.CumulativeReward.mean": {
            "value": 29.090873394596763,
            "min": 3.543664282420686,
            "max": 29.090873394596763,
            "count": 27
        },
        "HitBall.Environment.CumulativeReward.sum": {
            "value": 180247.05155292153,
            "min": 45975.50040012598,
            "max": 185250.3507388234,
            "count": 27
        },
        "HitBall.Policy.ExtrinsicReward.mean": {
            "value": 29.090873394596763,
            "min": 3.543664282420686,
            "max": 29.090873394596763,
            "count": 27
        },
        "HitBall.Policy.ExtrinsicReward.sum": {
            "value": 180247.05155292153,
            "min": 45975.50040012598,
            "max": 185250.3507388234,
            "count": 27
        },
        "HitBall.Losses.PolicyLoss.mean": {
            "value": 0.017239643895815487,
            "min": 0.015352700819788274,
            "max": 0.017459837109642346,
            "count": 27
        },
        "HitBall.Losses.PolicyLoss.sum": {
            "value": 0.20687572674978583,
            "min": 0.18423240983745928,
            "max": 0.22287607447244231,
            "count": 27
        },
        "HitBall.Losses.ValueLoss.mean": {
            "value": 2.459121167858442,
            "min": 2.459121167858442,
            "max": 16.632260127067564,
            "count": 27
        },
        "HitBall.Losses.ValueLoss.sum": {
            "value": 29.509454014301305,
            "min": 29.509454014301305,
            "max": 199.58712152481078,
            "count": 27
        },
        "HitBall.Policy.LearningRate.mean": {
            "value": 0.0006986158710475068,
            "min": 0.0006986158710475068,
            "max": 0.0009939459703023727,
            "count": 27
        },
        "HitBall.Policy.LearningRate.sum": {
            "value": 0.008383390452570081,
            "min": 0.008383390452570081,
            "max": 0.01218860149023077,
            "count": 27
        },
        "HitBall.Policy.Epsilon.mean": {
            "value": 0.1698615840909091,
            "min": 0.1698615840909091,
            "max": 0.19939459696969697,
            "count": 27
        },
        "HitBall.Policy.Epsilon.sum": {
            "value": 2.038339009090909,
            "min": 2.038339009090909,
            "max": 2.5188601409090916,
            "count": 27
        },
        "HitBall.Policy.Beta.mean": {
            "value": 0.006989172250681818,
            "min": 0.006989172250681818,
            "max": 0.009939520237272728,
            "count": 27
        },
        "HitBall.Policy.Beta.sum": {
            "value": 0.08387006700818182,
            "min": 0.08387006700818182,
            "max": 0.12189412807681815,
            "count": 27
        },
        "HitBall.IsTraining.mean": {
            "value": 1.0,
            "min": 1.0,
            "max": 1.0,
            "count": 27
        },
        "HitBall.IsTraining.sum": {
            "value": 1.0,
            "min": 1.0,
            "max": 1.0,
            "count": 27
        }
    },
    "metadata": {
        "timer_format_version": "0.1.0",
        "start_time_seconds": "1777414083",
        "python_version": "3.10.12 (main, Jul  5 2023, 15:02:25) [Clang 14.0.6 ]",
        "command_line_arguments": "/opt/miniconda3/envs/mlagents/bin/mlagents-learn results/config/config_5hr.yaml --force",
        "mlagents_version": "1.1.0",
        "mlagents_envs_version": "1.1.0",
        "communication_protocol_version": "1.5.0",
        "pytorch_version": "2.1.1",
        "numpy_version": "1.23.5",
        "end_time_seconds": "1777418900"
    },
    "total": 4817.218416166026,
    "count": 1,
    "self": 0.005586707964539528,
    "children": {
        "run_training.setup": {
            "total": 0.02006683312356472,
            "count": 1,
            "self": 0.02006683312356472
        },
        "TrainerController.start_learning": {
            "total": 4817.192762624938,
            "count": 1,
            "self": 4.497584578581154,
            "children": {
                "TrainerController._reset_env": {
                    "total": 21.592491124989465,
                    "count": 1,
                    "self": 21.592491124989465
                },
                "TrainerController.advance": {
                    "total": 4791.028183421353,
                    "count": 723688,
                    "self": 3.9926204949151725,
                    "children": {
                        "env_step": {
                            "total": 3629.873816045234,
                            "count": 723688,
                            "self": 3488.1449512441177,
                            "children": {
                                "SubprocessEnvManager._take_step": {
                                    "total": 138.30784420319833,
                                    "count": 723688,
                                    "self": 9.704412165097892,
                                    "children": {
                                        "TorchPolicy.evaluate": {
                                            "total": 128.60343203810044,
                                            "count": 578697,
                                            "self": 128.60343203810044
                                        }
                                    }
                                },
                                "workers": {
                                    "total": 3.421020597917959,
                                    "count": 723687,
                                    "self": 0.0,
                                    "children": {
                                        "worker_root": {
                                            "total": 4786.793102784548,
                                            "count": 723687,
                                            "is_parallel": true,
                                            "self": 1567.2417232554872,
                                            "children": {
                                                "steps_from_proto": {
                                                    "total": 0.00313270790502429,
                                                    "count": 1,
                                                    "is_parallel": true,
                                                    "self": 0.0002609998919069767,