{
    "name": "root",
    "gauges": {
        "HitBall.Policy.Entropy.mean": {
            "value": -0.8467170596122742,
            "min": -0.8467170596122742,
            "max": 1.4135856628417969,
            "count": 59
        },
        "HitBall.Policy.Entropy.sum": {
            "value": -211711.4375,
            "min": -211711.4375,
            "max": 353679.125,
            "count": 59
        },
        "HitBall.Environment.EpisodeLength.mean": {
            "value": 40.94044623385338,
            "min": 18.26367699183233,
            "max": 52.66395024662235,
            "count": 59
        },
        "HitBall.Environment.EpisodeLength.sum": {
            "value": 244046.0,
            "min": 237026.0,
            "max": 245572.0,
            "count": 59
        },
        "HitBall.Step.mean": {
            "value": 14749983.0,
            "min": 249986.0,
            "max": 14749983.0,
            "count": 59
        },
        "HitBall.Step.sum": {
            "value": 14749983.0,
            "min": 249986.0,
            "max": 14749983.0,
            "count": 59
        },
        "HitBall.Policy.ExtrinsicValueEstimate.mean": {
            "value": 134.02972412109375,
            "min": -3.704415798187256,
            "max": 171.26904296875,
            "count": 59
        },
        "HitBall.Policy.ExtrinsicValueEstimate.sum": {
            "value": 1381042.25,
            "min": -48246.3125,
            "max": 1663022.375,
            "count": 59
        },
        "HitBall.Environment.CumulativeReward.mean": {
            "value": 228.60878394081917,
            "min": -0.5671340746974012,
            "max": 292.11026392648375,
            "count": 59
        },
        "HitBall.Environment.CumulativeReward.sum": {
            "value": 1362736.961071223,
            "min": -7359.698887348175,
            "max": 1362736.961071223,
            "count": 59
        },
        "HitBall.Policy.ExtrinsicReward.mean": {
            "value": 228.60878394081917,
            "min": -0.5671340746974012,
            "max": 292.11026392648375,
            "count": 59
        },
        "HitBall.Policy.ExtrinsicReward.sum": {
            "value": 1362736.961071223,
            "min": -7359.698887348175,
            "max": 1362736.961071223,
            "count": 59
        },
        "HitBall.Losses.PolicyLoss.mean": {
            "value": 0.018168885582719365,
            "min": 0.015565584048557258,
            "max": 0.018289749056815102,
            "count": 59
        },
        "HitBall.Losses.PolicyLoss.sum": {
            "value": 0.2180266269926324,
            "min": 0.1867870085826871,
            "max": 0.2367936524448305,
            "count": 59
        },
        "HitBall.Losses.ValueLoss.mean": {
            "value": 2827.867422281901,
            "min": 43.22179734865824,
            "max": 3530.121156819662,
            "count": 59
        },
        "HitBall.Losses.ValueLoss.sum": {
            "value": 33934.40906738281,
            "min": 518.6615681838989,
            "max": 43106.36338867188,
            "count": 59
        },
        "HitBall.Policy.LearningRate.mean": {
            "value": 0.0003352382596579989,
            "min": 0.0003352382596579989,
            "max": 0.0009939462203023477,
            "count": 59
        },
        "HitBall.Policy.LearningRate.sum": {
            "value": 0.0040228591158959865,
            "min": 0.0040228591158959865,
            "max": 0.012188632853863998,
            "count": 59
        },
        "HitBall.Policy.Epsilon.mean": {
            "value": 0.13352381931818183,
            "min": 0.13352381931818183,
            "max": 0.19939462196969693,
            "count": 59
        },
        "HitBall.Policy.Epsilon.sum": {
            "value": 1.602285831818182,
            "min": 1.602285831818182,
            "max": 2.5188632772727275,
            "count": 59
        },
        "HitBall.Policy.Beta.mean": {
            "value": 0.0033590295498863647,
            "min": 0.0033590295498863647,
            "max": 0.009939522734772728,
            "count": 59
        },
        "HitBall.Policy.Beta.sum": {
            "value": 0.040308354598636374,
            "min": 0.040308354598636374,
            "max": 0.12189444139954547,
            "count": 59
        },
        "HitBall.IsTraining.mean": {
            "value": 1.0,
            "min": 1.0,
            "max": 1.0,
            "count": 59
        },
        "HitBall.IsTraining.sum": {
            "value": 1.0,
            "min": 1.0,
            "max": 1.0,
            "count": 59
        }
    },
    "metadata": {
        "timer_format_version": "0.1.0",
        "start_time_seconds": "1777478144",
        "python_version": "3.10.12 (main, Jul  5 2023, 15:02:25) [Clang 14.0.6 ]",
        "command_line_arguments": "/opt/miniconda3/envs/mlagents/bin/mlagents-learn results/config/config_5hr.yaml --force",
        "mlagents_version": "1.1.0",
        "mlagents_envs_version": "1.1.0",
        "communication_protocol_version": "1.5.0",
        "pytorch_version": "2.1.1",
        "numpy_version": "1.23.5",
        "end_time_seconds": "1777487699"
    },
    "total": 9554.877618459053,
    "count": 1,
    "self": 0.006200917065143585,
    "children": {
        "run_training.setup": {
            "total": 0.020372374914586544,
            "count": 1,
            "self": 0.020372374914586544
        },
        "TrainerController.start_learning": {
            "total": 9554.851045167074,
            "count": 1,
            "self": 7.880902531789616,
            "children": {
                "TrainerController._reset_env": {
                    "total": 44.40460670879111,
                    "count": 1,
                    "self": 44.40460670879111
                },
                "TrainerController.advance": {
                    "total": 9502.49179471843,
                    "count": 1189781,
                    "self": 6.844190260395408,
                    "children": {
                        "env_step": {
                            "total": 7053.292213566834,
                            "count": 1189781,
                            "self": 6823.557413795264,
                            "children": {
                                "SubprocessEnvManager._take_step": {
                                    "total": 224.16057393769734,
                                    "count": 1189781,
                                    "self": 15.97484020725824,
                                    "children": {
                                        "TorchPolicy.evaluate": {
                                            "total": 208.1857337304391,
                                            "count": 822176,
                                            "self": 208.1857337304391
                                        }
                                    }
                                },
                                "workers": {
                                    "total": 5.574225833872333,
                                    "count": 1189781,
                                    "self": 0.0,
                                    "children": {
                                        "worker_root": {
                                            "total": 9499.656222200021,
                                            "count": 1189781,
                                            "is_parallel": true,
                                            "self": 3152.418064741185,
                                            "children": {
                                                "steps_from_proto": {
                                                    "total": 0.001479333033785224,
                                                    "count": 1,
                                                    "is_parallel": true,
                                                    "self": 0.00015591690316796303,