{
    "name": "root",
    "gauges": {
        "HitBall.Policy.Entropy.mean": {
            "value": 1.4212466478347778,
            "min": 1.4212466478347778,
            "max": 1.4212466478347778,
            "count": 1
        },
        "HitBall.Policy.Entropy.sum": {
            "value": 71174.609375,
            "min": 71174.609375,
            "max": 71174.609375,
            "count": 1
        },
        "HitBall.Environment.EpisodeLength.mean": {
            "value": 118.54306220095694,
            "min": 118.54306220095694,
            "max": 118.54306220095694,
            "count": 1
        },
        "HitBall.Environment.EpisodeLength.sum": {
            "value": 49551.0,
            "min": 49551.0,
            "max": 49551.0,
            "count": 1
        },
        "HitBall.Step.mean": {
            "value": 49972.0,
            "min": 49972.0,
            "max": 49972.0,
            "count": 1
        },
        "HitBall.Step.sum": {
            "value": 49972.0,
            "min": 49972.0,
            "max": 49972.0,
            "count": 1
        },
        "HitBall.Policy.ExtrinsicValueEstimate.mean": {
            "value": 1.6661626100540161,
            "min": 1.6661626100540161,
            "max": 1.6661626100540161,
            "count": 1
        },
        "HitBall.Policy.ExtrinsicValueEstimate.sum": {
            "value": 1742.8060302734375,
            "min": 1742.8060302734375,
            "max": 1742.8060302734375,
            "count": 1
        },
        "HitBall.Environment.CumulativeReward.mean": {
            "value": 4.540815194604172,
            "min": 4.540815194604172,
            "max": 4.540815194604172,
            "count": 1
        },
        "HitBall.Environment.CumulativeReward.sum": {
            "value": 1893.51993614994,
            "min": 1893.51993614994,
            "max": 1893.51993614994,
            "count": 1
        },
        "HitBall.Policy.ExtrinsicReward.mean": {
            "value": 4.540815194604172,
            "min": 4.540815194604172,
            "max": 4.540815194604172,
            "count": 1
        },
        "HitBall.Policy.ExtrinsicReward.sum": {
            "value": 1893.51993614994,
            "min": 1893.51993614994,
            "max": 1893.51993614994,
            "count": 1
        },
        "HitBall.Losses.PolicyLoss.mean": {
            "value": 0.025634080378707347,
            "min": 0.025634080378707347,
            "max": 0.025634080378707347,
            "count": 1
        },
        "HitBall.Losses.PolicyLoss.sum": {
            "value": 0.10253632151482939,
            "min": 0.10253632151482939,
            "max": 0.10253632151482939,
            "count": 1
        },
        "HitBall.Losses.ValueLoss.mean": {
            "value": 1.9853603571653364,
            "min": 1.9853603571653364,
            "max": 1.9853603571653364,
            "count": 1
        },
        "HitBall.Losses.ValueLoss.sum": {
            "value": 7.941441428661346,
            "min": 7.941441428661346,
            "max": 7.941441428661346,
            "count": 1
        },
        "HitBall.Policy.LearningRate.mean": {
            "value": 0.00028460085513304996,
            "min": 0.00028460085513304996,
            "max": 0.00028460085513304996,
            "count": 1
        },
        "HitBall.Policy.LearningRate.sum": {
            "value": 0.0011384034205321998,
            "min": 0.0011384034205321998,
            "max": 0.0011384034205321998,
            "count": 1
        },
        "HitBall.Policy.Epsilon.mean": {
            "value": 0.19486694999999996,
            "min": 0.19486694999999996,
            "max": 0.19486694999999996,
            "count": 1
        },
        "HitBall.Policy.Epsilon.sum": {
            "value": 0.7794677999999998,
            "min": 0.7794677999999998,
            "max": 0.7794677999999998,
            "count": 1
        },
        "HitBall.Policy.Beta.mean": {
            "value": 0.004743860805,
            "min": 0.004743860805,
            "max": 0.004743860805,
            "count": 1
        },
        "HitBall.Policy.Beta.sum": {
            "value": 0.01897544322,
            "min": 0.01897544322,
            "max": 0.01897544322,
            "count": 1
        },
        "HitBall.IsTraining.mean": {
            "value": 1.0,
            "min": 1.0,
            "max": 1.0,
            "count": 1
        },
        "HitBall.IsTraining.sum": {
            "value": 1.0,
            "min": 1.0,
            "max": 1.0,
            "count": 1
        }
    },
    "metadata": {
        "timer_format_version": "0.1.0",
        "start_time_seconds": "1776649148",
        "python_version": "3.10.12 (main, Jul  5 2023, 15:02:25) [Clang 14.0.6 ]",
        "command_line_arguments": "/opt/miniconda3/envs/mlagents/bin/mlagents-learn --force",
        "mlagents_version": "1.1.0",
        "mlagents_envs_version": "1.1.0",
        "communication_protocol_version": "1.5.0",
        "pytorch_version": "2.1.1",
        "numpy_version": "1.23.5",
        "end_time_seconds": "1776649217"
    },
    "total": 68.60397166688927,
    "count": 1,
    "self": 0.003663624869659543,
    "children": {
        "run_training.setup": {
            "total": 0.02006254205480218,
            "count": 1,
            "self": 0.02006254205480218
        },
        "TrainerController.start_learning": {
            "total": 68.5802454999648,
            "count": 1,
            "self": 0.10535874986089766,
            "children": {
                "TrainerController._reset_env": {
                    "total": 7.541122208116576,
                    "count": 1,
                    "self": 7.541122208116576
                },
                "TrainerController.advance": {
                    "total": 60.87605820898898,
                    "count": 17625,
                    "self": 0.09066371293738484,
                    "children": {
                        "env_step": {
                            "total": 56.29464643076062,
                            "count": 17625,
                            "self": 53.18315653386526,
                            "children": {
                                "SubprocessEnvManager._take_step": {
                                    "total": 3.0338309889193624,
                                    "count": 17625,
                                    "self": 0.23524992889724672,
                                    "children": {
                                        "TorchPolicy.evaluate": {
                                            "total": 2.7985810600221157,
                                            "count": 17281,
                                            "self": 2.7985810600221157
                                        }
                                    }
                                },
                                "workers": {
                                    "total": 0.0776589079760015,
                                    "count": 17624,
                                    "self": 0.0,
                                    "children": {
                                        "worker_root": {
                                            "total": 54.478306704200804,
                                            "count": 17624,
                                            "is_parallel": true,
                                            "self": 13.016090691555291,
                                            "children": {
                                                "steps_from_proto": {
                                                    "total": 0.013549000024795532,
                                                    "count": 1,
                                                    "is_parallel": true,
                                                    "self": 0.0019372920505702496,