{
    "name": "root",
    "gauges": {
        "HitBall.Policy.Entropy.mean": {
            "value": 1.3933703899383545,
            "min": 1.3933703899383545,
            "max": 1.4158014059066772,
            "count": 10
        },
        "HitBall.Policy.Entropy.sum": {
            "value": 69646.2265625,
            "min": 69646.2265625,
            "max": 70852.3671875,
            "count": 10
        },
        "HitBall.Environment.EpisodeLength.mean": {
            "value": 20.284434968017056,
            "min": 17.11372691053966,
            "max": 20.380932022231722,
            "count": 10
        },
        "HitBall.Environment.EpisodeLength.sum": {
            "value": 47567.0,
            "min": 47251.0,
            "max": 47671.0,
            "count": 10
        },
        "HitBall.Step.mean": {
            "value": 499938.0,
            "min": 49989.0,
            "max": 499938.0,
            "count": 10
        },
        "HitBall.Step.sum": {
            "value": 499938.0,
            "min": 49989.0,
            "max": 499938.0,
            "count": 10
        },
        "HitBall.Policy.ExtrinsicValueEstimate.mean": {
            "value": 4.41732931137085,
            "min": 0.06583169847726822,
            "max": 4.448397636413574,
            "count": 10
        },
        "HitBall.Policy.ExtrinsicValueEstimate.sum": {
            "value": 10376.306640625,
            "min": 181.8271484375,
            "max": 10484.873046875,
            "count": 10
        },
        "HitBall.Environment.CumulativeReward.mean": {
            "value": 7.465260296539171,
            "min": 1.8725761479765608,
            "max": 7.541770269297136,
            "count": 10
        },
        "HitBall.Environment.CumulativeReward.sum": {
            "value": 17513.500655680895,
            "min": 5168.310168415308,
            "max": 17640.200659886003,
            "count": 10
        },
        "HitBall.Policy.ExtrinsicReward.mean": {
            "value": 7.465260296539171,
            "min": 1.8725761479765608,
            "max": 7.541770269297136,
            "count": 10
        },
        "HitBall.Policy.ExtrinsicReward.sum": {
            "value": 17513.500655680895,
            "min": 5168.310168415308,
            "max": 17640.200659886003,
            "count": 10
        },
        "HitBall.Losses.PolicyLoss.mean": {
            "value": 0.024455781428599343,
            "min": 0.02178709203042672,
            "max": 0.02789978782956799,
            "count": 10
        },
        "HitBall.Losses.PolicyLoss.sum": {
            "value": 0.12227890714299672,
            "min": 0.08979316196734241,
            "max": 0.13949893914783995,
            "count": 10
        },
        "HitBall.Losses.ValueLoss.mean": {
            "value": 12.232718626658121,
            "min": 9.678483279546102,
            "max": 14.914405790964764,
            "count": 10
        },
        "HitBall.Losses.ValueLoss.sum": {
            "value": 61.163593133290604,
            "min": 38.71393311818441,
            "max": 74.57202895482382,
            "count": 10
        },
        "HitBall.Policy.LearningRate.mean": {
            "value": 1.7049454316880007e-05,
            "min": 1.7049454316880007e-05,
            "max": 0.00028461750512749997,
            "count": 10
        },
        "HitBall.Policy.LearningRate.sum": {
            "value": 8.524727158440003e-05,
            "min": 8.524727158440003e-05,
            "max": 0.0012846786717738,
            "count": 10
        },
        "HitBall.Policy.Epsilon.mean": {
            "value": 0.10568312000000002,
            "min": 0.10568312000000002,
            "max": 0.1948725,
            "count": 10
        },
        "HitBall.Policy.Epsilon.sum": {
            "value": 0.5284156000000001,
            "min": 0.4596458000000001,
            "max": 0.9282262000000001,
            "count": 10
        },
        "HitBall.Policy.Beta.mean": {
            "value": 0.00029358768800000006,
            "min": 0.00029358768800000006,
            "max": 0.0047441377499999994,
            "count": 10
        },
        "HitBall.Policy.Beta.sum": {
            "value": 0.0014679384400000004,
            "min": 0.0014679384400000004,
            "max": 0.02141848738,
            "count": 10
        },
        "HitBall.IsTraining.mean": {
            "value": 1.0,
            "min": 1.0,
            "max": 1.0,
            "count": 10
        },
        "HitBall.IsTraining.sum": {
            "value": 1.0,
            "min": 1.0,
            "max": 1.0,
            "count": 10
        }
    },
    "metadata": {
        "timer_format_version": "0.1.0",
        "start_time_seconds": "1777057210",
        "python_version": "3.10.12 (main, Jul  5 2023, 15:02:25) [Clang 14.0.6 ]",
        "command_line_arguments": "/opt/miniconda3/envs/mlagents/bin/mlagents-learn --force",
        "mlagents_version": "1.1.0",
        "mlagents_envs_version": "1.1.0",
        "communication_protocol_version": "1.5.0",
        "pytorch_version": "2.1.1",
        "numpy_version": "1.23.5",
        "end_time_seconds": "1777058127"
    },
    "total": 605.299615832977,
    "count": 1,
    "self": 0.011775040766224265,
    "children": {
        "run_training.setup": {
            "total": 0.02596866711974144,
            "count": 1,
            "self": 0.02596866711974144
        },
        "TrainerController.start_learning": {
            "total": 605.261872125091,
            "count": 1,
            "self": 0.9379001546185464,
            "children": {
                "TrainerController._reset_env": {
                    "total": 42.44920041714795,
                    "count": 1,
                    "self": 42.44920041714795
                },
                "TrainerController.advance": {
                    "total": 561.8618844281882,
                    "count": 144473,
                    "self": 0.8611734823789448,
                    "children": {
                        "env_step": {
                            "total": 510.1657133938279,
                            "count": 144473,
                            "self": 484.3265027028974,
                            "children": {
                                "SubprocessEnvManager._take_step": {
                                    "total": 25.120242609875277,
                                    "count": 144473,
                                    "self": 2.0074332118965685,
                                    "children": {
                                        "TorchPolicy.evaluate": {
                                            "total": 23.112809397978708,
                                            "count": 125011,
                                            "self": 23.112809397978708
                                        }
                                    }
                                },
                                "workers": {
                                    "total": 0.718968081055209,
                                    "count": 144473,
                                    "self": 0.0,
                                    "children": {
                                        "worker_root": {
                                            "total": 561.6714042704552,
                                            "count": 144473,
                                            "is_parallel": true,
                                            "self": 124.29790445789695,
                                            "children": {
                                                "steps_from_proto": {
                                                    "total": 0.0024204589426517487,
                                                    "count": 1,
                                                    "is_parallel": true,
                                                    "self": 0.0003153756260871887,