{
    "name": "root",
    "gauges": {
        "HitBall.Policy.Entropy.mean": {
            "value": 1.2086642980575562,
            "min": 1.2086642980575562,
            "max": 1.4131325483322144,
            "count": 34
        },
        "HitBall.Policy.Entropy.sum": {
            "value": 60500.90234375,
            "min": 60500.90234375,
            "max": 70735.765625,
            "count": 34
        },
        "HitBall.Environment.EpisodeLength.mean": {
            "value": 29.394400486914183,
            "min": 17.07411424439624,
            "max": 30.185393258426966,
            "count": 34
        },
        "HitBall.Environment.EpisodeLength.sum": {
            "value": 48295.0,
            "min": 47183.0,
            "max": 48521.0,
            "count": 34
        },
        "HitBall.Step.mean": {
            "value": 1699988.0,
            "min": 49972.0,
            "max": 1699988.0,
            "count": 34
        },
        "HitBall.Step.sum": {
            "value": 1699988.0,
            "min": 49972.0,
            "max": 1699988.0,
            "count": 34
        },
        "HitBall.Policy.ExtrinsicValueEstimate.mean": {
            "value": 13.237835884094238,
            "min": 1.0917794704437256,
            "max": 13.533292770385742,
            "count": 34
        },
        "HitBall.Policy.ExtrinsicValueEstimate.sum": {
            "value": 23589.82421875,
            "min": 3041.69775390625,
            "max": 25278.861328125,
            "count": 34
        },
        "HitBall.Environment.CumulativeReward.mean": {
            "value": 23.087461860983094,
            "min": 5.093736316586951,
            "max": 23.682799673902696,
            "count": 34
        },
        "HitBall.Environment.CumulativeReward.sum": {
            "value": 37932.699837595224,
            "min": 13946.650034815073,
            "max": 41448.399744808674,
            "count": 34
        },
        "HitBall.Policy.ExtrinsicReward.mean": {
            "value": 23.087461860983094,
            "min": 5.093736316586951,
            "max": 23.682799673902696,
            "count": 34
        },
        "HitBall.Policy.ExtrinsicReward.sum": {
            "value": 37932.699837595224,
            "min": 13946.650034815073,
            "max": 41448.399744808674,
            "count": 34
        },
        "HitBall.Losses.PolicyLoss.mean": {
            "value": 0.0231664688277912,
            "min": 0.020761743448965718,
            "max": 0.02823952004657864,
            "count": 34
        },
        "HitBall.Losses.PolicyLoss.sum": {
            "value": 0.115832344138956,
            "min": 0.08634153761086055,
            "max": 0.1411976002328932,
            "count": 34
        },
        "HitBall.Losses.ValueLoss.mean": {
            "value": 25.37321165720622,
            "min": 11.333875739574433,
            "max": 31.924911041259765,
            "count": 34
        },
        "HitBall.Losses.ValueLoss.sum": {
            "value": 126.86605828603109,
            "min": 45.33550295829773,
            "max": 159.62455520629882,
            "count": 34
        },
        "HitBall.Policy.LearningRate.mean": {
            "value": 0.00019971842142720402,
            "min": 0.00019971842142720402,
            "max": 0.000298462935512355,
            "count": 34
        },
        "HitBall.Policy.LearningRate.sum": {
            "value": 0.00099859210713602,
            "min": 0.0008099510500163599,
            "max": 0.0014784759071746999,
            "count": 34
        },
        "HitBall.Policy.Epsilon.mean": {
            "value": 0.16657279600000002,
            "min": 0.16657279600000002,
            "max": 0.19948764500000002,
            "count": 34
        },
        "HitBall.Policy.Epsilon.sum": {
            "value": 0.8328639800000001,
            "min": 0.6699836399999999,
            "max": 0.9928253000000001,
            "count": 34
        },
        "HitBall.Policy.Beta.mean": {
            "value": 0.0033319825203999994,
            "min": 0.0033319825203999994,
            "max": 0.0049744334855,
            "count": 34
        },
        "HitBall.Policy.Beta.sum": {
            "value": 0.016659912601999997,
            "min": 0.013512183636000003,
            "max": 0.024641982470000004,
            "count": 34
        },
        "HitBall.IsTraining.mean": {
            "value": 1.0,
            "min": 1.0,
            "max": 1.0,
            "count": 34
        },
        "HitBall.IsTraining.sum": {
            "value": 1.0,
            "min": 1.0,
            "max": 1.0,
            "count": 34
        }
    },
    "metadata": {
        "timer_format_version": "0.1.0",
        "start_time_seconds": "1777068207",
        "python_version": "3.10.12 (main, Jul  5 2023, 15:02:25) [Clang 14.0.6 ]",
        "command_line_arguments": "/opt/miniconda3/envs/mlagents/bin/mlagents-learn results/config/config_1hr.yaml --force",
        "mlagents_version": "1.1.0",
        "mlagents_envs_version": "1.1.0",
        "communication_protocol_version": "1.5.0",
        "pytorch_version": "2.1.1",
        "numpy_version": "1.23.5",
        "end_time_seconds": "1777069848"
    },
    "total": 1641.5767667090986,
    "count": 1,
    "self": 0.004953708034008741,
    "children": {
        "run_training.setup": {
            "total": 0.024421334033831954,
            "count": 1,
            "self": 0.024421334033831954
        },
        "TrainerController.start_learning": {
            "total": 1641.5473916670308,
            "count": 1,
            "self": 2.8291074170265347,
            "children": {
                "TrainerController._reset_env": {
                    "total": 7.182995000155643,
                    "count": 1,
                    "self": 7.182995000155643
                },
                "TrainerController.advance": {
                    "total": 1631.5064382080454,
                    "count": 480214,
                    "self": 2.611249999376014,
                    "children": {
                        "env_step": {
                            "total": 1470.2370056572836,
                            "count": 480214,
                            "self": 1391.878436334664,
                            "children": {
                                "SubprocessEnvManager._take_step": {
                                    "total": 76.26241959421895,
                                    "count": 480214,
                                    "self": 6.217094677966088,
                                    "children": {
                                        "TorchPolicy.evaluate": {
                                            "total": 70.04532491625287,
                                            "count": 425240,
                                            "self": 70.04532491625287
                                        }
                                    }
                                },
                                "workers": {
                                    "total": 2.0961497284006327,
                                    "count": 480213,
                                    "self": 0.0,
                                    "children": {
                                        "worker_root": {
                                            "total": 1630.5973417356145,
                                            "count": 480213,
                                            "is_parallel": true,
                                            "self": 379.2731684616301,
                                            "children": {
                                                "steps_from_proto": {
                                                    "total": 0.0022122920490801334,
                                                    "count": 1,
                                                    "is_parallel": true,
                                                    "self": 0.0003326251171529293,